country,year,sex,age_group,suicides,pop_age_group,suicides_rate,HDI for year, gdp_for_year,gdp_per_capita,unemployment_rate,terciary_rate
Australia,2015,female,15-24,110,1526305,7.21,,1.34903E+12,60656,11.9,118.6109
Australia,2015,male,15-24,281,1608990,17.46,,1.34903E+12,60656,14.2,118.6109
Australia,2015,female,25-54,413,4951358,8.341146005,,1.34903E+12,60656,5.2,118.6109
Australia,2015,male,25-54,1367,4911564,27.83227501,,1.34903E+12,60656,4.6,118.6109
Austria,2010,female,15-24,14,499638,2.8,0.879,3.91893E+11,49181,9.4,75.62378
Austria,2010,male,15-24,91,518657,17.55,0.879,3.91893E+11,49181,9.6,75.62378
Austria,2010,female,25-54,127,1830699,6.937240912,0.879,3.91893E+11,49181,4.2,75.62378
Austria,2010,male,25-54,410,1839593,22.2875386,0.879,3.91893E+11,49181,4.6,75.62378
Austria,2011,female,15-24,23,498172,4.62,0.881,4.3112E+11,53923,9.1,78.49945
Austria,2011,male,15-24,67,518095,12.93,0.881,4.3112E+11,53923,8.8,78.49945
Austria,2011,female,25-54,118,1830483,6.446386009,0.881,4.3112E+11,53923,4.1,78.49945
Austria,2011,male,25-54,433,1838282,23.55460152,0.881,4.3112E+11,53923,3.9,78.49945
Austria,2012,female,15-24,6,497838,1.21,0.884,4.09425E+11,50979,9.2,78.93891
Austria,2012,male,15-24,66,519503,12.7,0.884,4.09425E+11,50979,9.6,78.93891
Austria,2012,female,25-54,107,1831556,5.842027216,0.884,4.09425E+11,50979,4.3,78.93891
Austria,2012,male,25-54,431,1839569,23.42940113,0.884,4.09425E+11,50979,4.4,78.93891
Austria,2013,female,15-24,20,496526,4.03,0.884,4.30069E+11,53229,10,79.6554
Austria,2013,male,15-24,54,518852,10.41,0.884,4.30069E+11,53229,9.4,79.6554
Austria,2013,female,25-54,119,1835955,6.481640345,0.884,4.30069E+11,53229,4.8,79.6554
Austria,2013,male,25-54,392,1845639,21.23925643,0.884,4.30069E+11,53229,5,79.6554
Austria,2014,female,15-24,17,493605,3.44,0.885,4.41885E+11,54278,9.9,79.1587
Austria,2014,male,15-24,79,516580,15.29,0.885,4.41885E+11,54278,10.6,79.1587
Austria,2014,female,25-54,122,1842669,6.620830979,0.885,4.41885E+11,54278,5,79.1587
Austria,2014,male,25-54,421,1856330,22.67915726,0.885,4.41885E+11,54278,5.4,79.1587
Austria,2015,female,15-24,19,490742,3.87,,3.82066E+11,46484,10,80.71942
Austria,2015,male,15-24,61,519646,11.74,,3.82066E+11,46484,11.1,80.71942
Austria,2015,female,25-54,100,1849695,5.406296714,,3.82066E+11,46484,4.9,80.71942
Austria,2015,male,25-54,391,1870790,20.90026139,,3.82066E+11,46484,5.5,80.71942
Austria,2016,female,15-24,22,488020,4.51,,3.908E+11,46976,10.2,83.45495
Austria,2016,male,15-24,58,525977,11.03,,3.908E+11,46976,12.1,83.45495
Austria,2016,female,25-54,113,1859154,6.078033342,,3.908E+11,46976,5.1,83.45495
Austria,2016,male,25-54,346,1887124,18.33477821,,3.908E+11,46976,5.7,83.45495
Belgium,2000,female,15-24,38,612148,6.21,0.874,2.37905E+11,24592,20.3,58.16906
Belgium,2000,male,15-24,139,631207,22.02,0.874,2.37905E+11,24592,15.3,58.16906
Belgium,2000,female,25-54,322,2193592,14.67911991,0.874,2.37905E+11,24592,7.6,58.16906
Belgium,2000,male,25-54,854,2243036,38.07339695,0.874,2.37905E+11,24592,4.9,58.16906
Belgium,2005,female,15-24,26,624077,4.17,0.866,3.87366E+11,39124,22.1,61.08548
Belgium,2005,male,15-24,98,641284,15.28,0.866,3.87366E+11,39124,21,61.08548
Belgium,2005,female,25-54,284,2204651,12.88185749,0.866,3.87366E+11,39124,8.4,61.08548
Belgium,2005,male,25-54,838,2241855,37.37975917,0.866,3.87366E+11,39124,6.6,61.08548
Belgium,2010,female,15-24,32,647625,4.94,0.883,4.83548E+11,47355,22.4,67.82901
Belgium,2010,male,15-24,98,663725,14.77,0.883,4.83548E+11,47355,22.4,67.82901
Belgium,2010,female,25-54,293,2241550,13.07131226,0.883,4.83548E+11,47355,7.5,67.82901
Belgium,2010,male,25-54,806,2273289,35.45523688,0.883,4.83548E+11,47355,7.2,67.82901
Belgium,2011,female,15-24,41,656675,6.24,0.886,5.27008E+11,50893,18.7,69.84253
Belgium,2011,male,15-24,109,676437,16.11,0.886,5.27008E+11,50893,18.7,69.84253
Belgium,2011,female,25-54,307,2260057,13.5837282,0.886,5.27008E+11,50893,6.3,69.84253
Belgium,2011,male,25-54,770,2303749,33.42378011,0.886,5.27008E+11,50893,6.4,69.84253
Belgium,2012,female,15-24,28,659827,4.24,0.889,4.97884E+11,47678,18.9,71.19202
Belgium,2012,male,15-24,100,681023,14.68,0.889,4.97884E+11,47678,20.4,71.19202
Belgium,2012,female,25-54,262,2266519,11.5595766,0.889,4.97884E+11,47678,6.6,71.19202
Belgium,2012,male,25-54,810,2311544,35.04151338,0.889,4.97884E+11,47678,6.9,71.19202
Belgium,2013,female,15-24,27,656675,4.11,0.888,5.20925E+11,49489,22.5,72.11549
Belgium,2013,male,15-24,91,679018,13.4,0.888,5.20925E+11,49489,24.7,72.11549
Belgium,2013,female,25-54,262,2267898,11.55254778,0.888,5.20925E+11,49489,7.2,72.11549
Belgium,2013,male,25-54,729,2311641,31.53603868,0.888,5.20925E+11,49489,7.5,72.11549
Belgium,2014,female,15-24,27,653625,4.13,0.89,5.30771E+11,50173,22.3,72.9974
Belgium,2014,male,15-24,85,675446,12.58,0.89,5.30771E+11,50173,24,72.9974
Belgium,2014,female,25-54,274,2264682,12.09882889,0.89,5.30771E+11,50173,7,72.9974
Belgium,2014,male,25-54,699,2304819,30.3277611,0.89,5.30771E+11,50173,8.2,72.9974
Belgium,2015,female,15-24,21,649587,3.23,,4.5504E+11,42830,20,74.55976
Belgium,2015,male,15-24,93,671971,13.84,,4.5504E+11,42830,23.8,74.55976
Belgium,2015,female,25-54,266,2261084,11.76426882,,4.5504E+11,42830,7.1,74.55976
Belgium,2015,male,25-54,690,2296602,30.04438732,,4.5504E+11,42830,8.2,74.55976
Brazil,2005,female,15-24,405,17659079,2.29,0.702,8.9163E+11,5230,24.8,25.98963
Brazil,2005,male,15-24,1247,18077858,6.9,0.702,8.9163E+11,5230,15.2,25.98963
Brazil,2005,female,25-54,1033,39134852,2.63959092,0.702,8.9163E+11,5230,9,25.98963
Brazil,2005,male,25-54,3954,37606457,10.51415186,0.702,8.9163E+11,5230,4.6,25.98963
Brazil,2011,female,15-24,413,17180849,2.4,0.742,2.6162E+12,14245,19.8,43.45983
Brazil,2011,male,15-24,1335,17674787,7.55,0.742,2.6162E+12,14245,12.1,43.45983
Brazil,2011,female,25-54,1205,43742024,2.754787936,0.742,2.6162E+12,14245,7.1,43.45983
Brazil,2011,male,25-54,4661,42224756,11.0385481,0.742,2.6162E+12,14245,3.3,43.45983
Brazil,2012,female,15-24,383,17145894,2.23,0.746,2.46519E+12,13283,19.3,44.96641
Brazil,2012,male,15-24,1313,17644319,7.44,0.746,2.46519E+12,13283,13.4,44.96641
Brazil,2012,female,25-54,1332,44378013,3.001486344,0.746,2.46519E+12,13283,7.1,44.96641
Brazil,2012,male,25-54,4815,42882606,11.2283288,0.746,2.46519E+12,13283,4.4,44.96641
Brazil,2013,female,15-24,362,17123318,2.11,0.752,2.47281E+12,13191,20.2,46.81655
Brazil,2013,male,15-24,1317,17627508,7.47,0.752,2.47281E+12,13191,13.2,46.81655
Brazil,2013,female,25-54,1290,44967592,2.868732664,0.752,2.47281E+12,13191,7,46.81655
Brazil,2013,male,25-54,5057,43499373,11.62545492,0.752,2.47281E+12,13191,4.3,46.81655
Brazil,2014,female,15-24,371,17094729,2.17,0.755,2.45599E+12,12975,19.6,49.91353
Brazil,2014,male,15-24,1358,17606681,7.71,0.755,2.45599E+12,12975,13.3,49.91353
Brazil,2014,female,25-54,1328,45511051,2.917972604,0.755,2.45599E+12,12975,6.6,49.91353
Brazil,2014,male,25-54,5032,44076708,11.41646059,0.755,2.45599E+12,12975,4.3,49.91353
Brazil,2015,female,15-24,397,17047218,2.33,,1.80221E+12,9431,24.4,51.05413
Brazil,2015,male,15-24,1389,17569045,7.91,,1.80221E+12,9431,17.1,51.05413
Brazil,2015,female,25-54,1376,46007945,2.990787787,,1.80221E+12,9431,8.1,51.05413
Brazil,2015,male,25-54,5135,44615039,11.50957192,,1.80221E+12,9431,5.6,51.05413
Canada,2000,female,15-24,112,2030972,5.51,0.867,7.42293E+11,25589,11.4,59.11446
Canada,2000,male,15-24,430,2131117,20.18,0.867,7.42293E+11,25589,13.8,59.11446
Canada,2000,female,25-54,512,7008051,7.305882905,0.867,7.42293E+11,25589,5.8,59.11446
Canada,2000,male,25-54,1738,7066981,24.59324569,0.867,7.42293E+11,25589,5.7,59.11446
Canada,2010,female,15-24,115,2239759,5.13,0.903,1.61346E+12,49974,12.5,61.65585
Canada,2010,male,15-24,371,2357806,15.73,0.903,1.61346E+12,49974,17.3,61.65585
Canada,2010,female,25-54,556,7380810,7.533048541,0.903,1.61346E+12,49974,6.4,61.65585
Canada,2010,male,25-54,1701,7454953,22.81704526,0.903,1.61346E+12,49974,7.4,61.65585
Canada,2011,female,15-24,135,2248192,6,0.909,1.78865E+12,54841,12.4,63.46732
Canada,2011,male,15-24,364,2356694,15.45,0.909,1.78865E+12,54841,16.1,63.46732
Canada,2011,female,25-54,524,7402228,7.078949743,0.909,1.78865E+12,54841,6,63.46732
Canada,2011,male,25-54,1537,7475064,20.56169686,0.909,1.78865E+12,54841,6.5,63.46732
Canada,2012,female,15-24,137,2255895,6.07,0.91,1.82429E+12,55347,12.7,63.98077
Canada,2012,male,15-24,381,2358461,16.15,0.91,1.82429E+12,55347,16.1,63.98077
Canada,2012,female,25-54,514,7422330,6.925049142,0.91,1.82429E+12,55347,5.8,63.98077
Canada,2012,male,25-54,1624,7487656,21.68903059,0.91,1.82429E+12,55347,6.3,63.98077
Canada,2013,female,15-24,138,2261173,6.1,0.912,1.84263E+12,55310,12.2,65.3323
Canada,2013,male,15-24,300,2362807,12.7,0.912,1.84263E+12,55310,15.2,65.3323
Canada,2013,female,25-54,535,7437431,7.193344046,0.912,1.84263E+12,55310,5.6,65.3323
Canada,2013,male,25-54,1683,7489049,22.4728133,0.912,1.84263E+12,55310,6.1,65.3323
Chile,2000,female,15-24,48,1249702,3.84,0.752,77860932152,5584,31.3,35.3763
Chile,2000,male,15-24,216,1284868,16.81,0.752,77860932152,5584,21.2,35.3763
Chile,2000,female,25-54,108,3194213,3.381114534,0.752,77860932152,5584,9.4,35.3763
Chile,2000,male,25-54,762,3176980,23.9850424,0.752,77860932152,5584,7.6,35.3763
Chile,2005,female,15-24,62,1345647,4.61,0.788,1.22965E+11,8256,30.4,49.36884
Chile,2005,male,15-24,265,1388993,19.08,0.788,1.22965E+11,8256,18.8,49.36884
Chile,2005,female,25-54,157,3424263,4.584928202,0.788,1.22965E+11,8256,9.8,49.36884
Chile,2005,male,25-54,791,3417586,23.14499182,0.788,1.22965E+11,8256,6.2,49.36884
Chile,2010,female,15-24,90,1391250,6.47,0.814,2.18538E+11,13874,21.7,67.86343
Chile,2010,male,15-24,315,1442868,21.83,0.814,2.18538E+11,13874,16.6,67.86343
Chile,2010,female,25-54,228,3606002,6.322791834,0.814,2.18538E+11,13874,8.6,67.86343
Chile,2010,male,25-54,914,3619594,25.25145085,0.814,2.18538E+11,13874,6.1,67.86343
Chile,2011,female,15-24,69,1388507,4.97,0.821,2.52252E+11,15854,21.1,72.27679
Chile,2011,male,15-24,312,1441346,21.65,0.821,2.52252E+11,15854,15.2,72.27679
Chile,2011,female,25-54,225,3642317,6.177386537,0.821,2.52252E+11,15854,7.4,72.27679
Chile,2011,male,25-54,905,3660174,24.72560048,0.821,2.52252E+11,15854,5,72.27679
Chile,2012,female,15-24,62,1381401,4.49,0.827,2.67122E+11,16617,19.1,75.93107
Chile,2012,male,15-24,242,1435400,16.86,0.827,2.67122E+11,16617,14.3,75.93107
Chile,2012,female,25-54,200,3681221,5.432979981,0.827,2.67122E+11,16617,7,75.93107
Chile,2012,male,25-54,874,3704164,23.5950676,0.827,2.67122E+11,16617,4.4,75.93107
Chile,2013,female,15-24,60,1370723,4.38,0.83,2.78384E+11,17140,19.2,79.95629
Chile,2013,male,15-24,224,1425807,15.71,0.83,2.78384E+11,17140,13.9,79.95629
Chile,2013,female,25-54,182,3720768,4.891463268,0.83,2.78384E+11,17140,5.8,79.95629
Chile,2013,male,25-54,814,3749549,21.70927757,0.83,2.78384E+11,17140,4.5,79.95629
Chile,2014,female,15-24,58,1357865,4.27,0.832,2.60584E+11,15883,19.7,82.84638
Chile,2014,male,15-24,238,1413924,16.83,0.832,2.60584E+11,15883,14.3,82.84638
Chile,2014,female,25-54,187,3757980,4.976077574,0.832,2.60584E+11,15883,5.8,82.84638
Chile,2014,male,25-54,825,3793312,21.74880421,0.832,2.60584E+11,15883,5.3,82.84638
Chile,2015,female,15-24,64,1343941,4.76,,2.43999E+11,14729,18.2,85.26672
Chile,2015,male,15-24,224,1400822,15.99,,2.43999E+11,14729,13.8,85.26672
Chile,2015,female,25-54,202,3791093,5.328278678,,2.43999E+11,14729,6.1,85.26672
Chile,2015,male,25-54,809,3833640,21.10265961,,2.43999E+11,14729,5.3,85.26672
Colombia,2005,female,15-24,225,4108824,5.48,0.679,1.46566E+11,3742,31.2,30.69216
Colombia,2005,male,15-24,517,4209960,12.28,0.679,1.46566E+11,3742,18.5,30.69216
Colombia,2005,female,25-54,180,9035747,1.992087649,0.679,1.46566E+11,3742,12.5,30.69216
Colombia,2005,male,25-54,786,8584226,9.156329295,0.679,1.46566E+11,3742,6.7,30.69216
Colombia,2010,female,15-24,187,4154664,4.5,0.706,2.87018E+11,6836,30.5,39.41332
Colombia,2010,male,15-24,480,4274849,11.23,0.706,2.87018E+11,6836,18.2,39.41332
Colombia,2010,female,25-54,150,9894076,1.5160587,0.706,2.87018E+11,6836,13,39.41332
Colombia,2010,male,25-54,899,9425507,9.537948463,0.706,2.87018E+11,6836,6.7,39.41332
Colombia,2011,female,15-24,159,4147875,3.83,0.713,3.35415E+11,7885,28.9,43.03231
Colombia,2011,male,15-24,450,4268385,10.54,0.713,3.35415E+11,7885,17,43.03231
Colombia,2011,female,25-54,156,10054014,1.551619085,0.713,3.35415E+11,7885,11.9,43.03231
Colombia,2011,male,25-54,880,9586823,9.179266166,0.713,3.35415E+11,7885,5.9,43.03231
Colombia,2012,female,15-24,151,4133625,3.65,0.715,3.6966E+11,8586,27.3,45.3073
Colombia,2012,male,15-24,486,4254495,11.42,0.715,3.6966E+11,8586,15.7,45.3073
Colombia,2012,female,25-54,156,10203638,1.528866469,0.715,3.6966E+11,8586,11.6,45.3073
Colombia,2012,male,25-54,867,9737910,8.903347844,0.715,3.6966E+11,8586,5.9,45.3073
Colombia,2013,female,15-24,141,4114036,3.43,0.718,3.80192E+11,8731,25.4,48.73311
Colombia,2013,male,15-24,450,4235904,10.62,0.718,3.80192E+11,8731,14.6,48.73311
Colombia,2013,female,25-54,182,10343344,1.759585681,0.718,3.80192E+11,8731,10.7,48.73311
Colombia,2013,male,25-54,843,9879131,8.5331392,0.718,3.80192E+11,8731,5.7,48.73311
Colombia,2014,female,15-24,132,4092325,3.23,0.72,3.78196E+11,8591,24.3,51.41638
Colombia,2014,male,15-24,480,4216293,11.38,0.72,3.78196E+11,8591,14.6,51.41638
Colombia,2014,female,25-54,164,10474827,1.565658316,0.72,3.78196E+11,8591,10,51.41638
Colombia,2014,male,25-54,872,10012397,8.709203201,0.72,3.78196E+11,8591,5.2,51.41638
Colombia,2015,female,15-24,176,4070390,4.32,,2.9152E+11,6552,23.8,53.28214
Colombia,2015,male,15-24,473,4197599,11.27,,2.9152E+11,6552,13.2,53.28214
Colombia,2015,female,25-54,207,10598318,1.953140111,,2.9152E+11,6552,10.1,53.28214
Colombia,2015,male,25-54,939,10138195,9.262003739,,2.9152E+11,6552,5.2,53.28214
Costa Rica,2011,female,15-24,20,404197,4.95,0.756,42262697840,9978,29.6,45.81894
Costa Rica,2011,male,15-24,52,419970,12.38,0.756,42262697840,9978,18.1,45.81894
Costa Rica,2011,female,25-54,22,972805,2.261501534,0.756,42262697840,9978,10.2,45.81894
Costa Rica,2011,male,25-54,157,969562,16.19287885,0.756,42262697840,9978,6.7,45.81894
Costa Rica,2012,female,15-24,10,403604,2.48,0.761,46473128286,10832,28.3,48.10857
Costa Rica,2012,male,15-24,58,419511,13.83,0.761,46473128286,10832,19.9,48.10857
Costa Rica,2012,female,25-54,23,989167,2.32518877,0.761,46473128286,10832,9.5,48.10857
Costa Rica,2012,male,25-54,149,986529,15.10345869,0.761,46473128286,10832,6.4,48.10857
Costa Rica,2013,female,15-24,8,402392,1.99,0.764,49745088112,11443,26.9,49.00672
Costa Rica,2013,male,15-24,48,418437,11.47,0.764,49745088112,11443,19.7,49.00672
Costa Rica,2013,female,25-54,24,1005005,2.388047821,0.764,49745088112,11443,8.4,49.00672
Costa Rica,2013,male,25-54,157,1003080,15.65179248,0.764,49745088112,11443,5.8,49.00672
Costa Rica,2014,female,15-24,12,400170,3,0.766,50577769838,11485,31.5,52.23117
Costa Rica,2014,male,15-24,43,416344,10.33,0.766,50577769838,11485,21.4,52.23117
Costa Rica,2014,female,25-54,23,1019655,2.255664906,0.766,50577769838,11485,9,52.23117
Costa Rica,2014,male,25-54,125,1018560,12.27222746,0.766,50577769838,11485,5.1,52.23117
Denmark,2000,female,15-24,9,300690,2.99,0.862,1.64159E+11,32841,6.7,57.21831
Denmark,2000,male,15-24,39,310470,12.56,0.862,1.64159E+11,32841,6.8,57.21831
Denmark,2000,female,25-54,90,1150409,7.823304581,0.862,1.64159E+11,32841,5,57.21831
Denmark,2000,male,25-54,279,1186988,23.50487115,0.862,1.64159E+11,32841,3.5,57.21831
Denmark,2005,female,15-24,7,292929,2.39,0.902,2.64467E+11,51960,8.6,80.37451
Denmark,2005,male,15-24,21,305232,6.88,0.902,2.64467E+11,51960,8.6,80.37451
Denmark,2005,female,25-54,68,1122275,6.059120982,0.902,2.64467E+11,51960,4.5,80.37451
Denmark,2005,male,25-54,211,1145558,18.41897137,0.902,2.64467E+11,51960,3.7,80.37451
Denmark,2010,female,15-24,10,333696,3,0.908,3.21995E+11,61711,11.8,73.59667
Denmark,2010,male,15-24,17,349175,4.87,0.908,3.21995E+11,61711,16.1,73.59667
Denmark,2010,female,25-54,70,1104421,6.338162712,0.908,3.21995E+11,61711,5.9,73.59667
Denmark,2010,male,25-54,185,1121118,16.50138522,0.908,3.21995E+11,61711,7.3,73.59667
Denmark,2011,female,15-24,11,340056,3.23,0.92,3.44003E+11,65598,12.7,76.75835
Denmark,2011,male,15-24,26,356319,7.3,0.92,3.44003E+11,65598,15.7,76.75835
Denmark,2011,female,25-54,62,1102012,5.626073037,0.92,3.44003E+11,65598,6.9,76.75835
Denmark,2011,male,25-54,224,1117770,20.03990087,0.92,3.44003E+11,65598,6.3,76.75835
Denmark,2012,female,15-24,8,346154,2.31,0.921,3.27149E+11,62071,13.5,79.10832
Denmark,2012,male,15-24,33,362466,9.1,0.921,3.27149E+11,62071,14.8,79.10832
Denmark,2012,female,25-54,69,1098923,6.278874862,0.921,3.27149E+11,62071,6.8,79.10832
Denmark,2012,male,25-54,240,1114961,21.52541658,0.921,3.27149E+11,62071,6.6,79.10832
Denmark,2013,female,15-24,12,350607,3.42,0.923,3.43584E+11,64831,11.8,80.93104
Denmark,2013,male,15-24,23,367000,6.27,0.923,3.43584E+11,64831,14.3,80.93104
Denmark,2013,female,25-54,70,1097907,6.375767711,0.923,3.43584E+11,64831,6.9,80.93104
Denmark,2013,male,25-54,207,1113390,18.59186808,0.923,3.43584E+11,64831,5.7,80.93104
Denmark,2014,female,15-24,7,354099,1.98,0.923,3.52994E+11,66114,11.5,81.02908
Denmark,2014,male,15-24,31,370570,8.37,0.923,3.52994E+11,66114,13.7,81.02908
Denmark,2014,female,25-54,66,1100245,5.998663934,0.923,3.52994E+11,66114,6.4,81.02908
Denmark,2014,male,25-54,221,1118012,19.76722969,0.923,3.52994E+11,66114,5.4,81.02908
Denmark,2015,female,15-24,6,356882,1.68,,3.01298E+11,55972,10.1,82.12949
Denmark,2015,male,15-24,18,374051,4.81,,3.01298E+11,55972,11.6,82.12949
Denmark,2015,female,25-54,66,1104244,5.976939879,,3.01298E+11,55972,6.1,82.12949
Denmark,2015,male,25-54,189,1126135,16.78306775,,3.01298E+11,55972,5.4,82.12949
Finland,2000,female,15-24,26,322489,8.06,0.857,1.2554E+11,25716,21.8,82.32955
Finland,2000,male,15-24,105,337152,31.14,0.857,1.2554E+11,25716,18.9,82.32955
Finland,2000,female,25-54,163,1106924,14.72549154,0.857,1.2554E+11,25716,8.8,82.32955
Finland,2000,male,25-54,558,1142592,48.83633003,0.857,1.2554E+11,25716,7.2,82.32955
Finland,2005,female,15-24,33,319226,10.34,0.869,2.04436E+11,41202,19.4,91.67952
Finland,2005,male,15-24,68,333948,20.36,0.869,2.04436E+11,41202,18.4,91.67952
Finland,2005,female,25-54,141,1057232,13.33671323,0.869,2.04436E+11,41202,7.3,91.67952
Finland,2005,male,25-54,398,1088758,36.55541452,0.869,2.04436E+11,41202,6.5,91.67952
Finland,2010,female,15-24,30,322681,9.3,0.878,2.478E+11,48939,18.9,93.44781
Finland,2010,male,15-24,105,336807,31.18,0.878,2.478E+11,48939,21.6,93.44781
Finland,2010,female,25-54,114,1034234,11.02265058,0.878,2.478E+11,48939,6.3,93.44781
Finland,2010,male,25-54,360,1070458,33.63046472,0.878,2.478E+11,48939,7.4,93.44781
Finland,2011,female,15-24,27,322992,8.36,0.881,2.73674E+11,53809,18.4,94.91993
Finland,2011,male,15-24,89,337265,26.39,0.881,2.73674E+11,53809,19.3,94.91993
Finland,2011,female,25-54,93,1029819,9.030713164,0.881,2.73674E+11,53809,5.5,94.91993
Finland,2011,male,25-54,364,1067106,34.11095055,0.881,2.73674E+11,53809,6.7,94.91993
Finland,2012,female,15-24,32,323218,9.9,0.882,2.56706E+11,50232,18,92.87735
Finland,2012,male,15-24,85,337342,25.2,0.882,2.56706E+11,50232,17.7,92.87735
Finland,2012,female,25-54,92,1026016,8.966721767,0.882,2.56706E+11,50232,5.7,92.87735
Finland,2012,male,25-54,326,1064387,30.62795769,0.882,2.56706E+11,50232,6.6,92.87735
Finland,2013,female,15-24,31,321757,9.63,0.882,2.6998E+11,52572,17.1,90.99419
Finland,2013,male,15-24,68,335688,20.26,0.882,2.6998E+11,52572,20.6,90.99419
Finland,2013,female,25-54,103,1024641,10.05230125,0.882,2.6998E+11,52572,6.4,90.99419
Finland,2013,male,25-54,325,1064217,30.53888446,0.882,2.6998E+11,52572,6.9,90.99419
Finland,2014,female,15-24,22,318826,6.9,0.883,2.72609E+11,52832,18,88.88166
Finland,2014,male,15-24,63,332717,18.94,0.883,2.72609E+11,52832,20.6,88.88166
Finland,2014,female,25-54,97,1024415,9.468818789,0.883,2.72609E+11,52832,6.5,88.88166
Finland,2014,male,25-54,317,1065006,29.76509053,0.883,2.72609E+11,52832,7.6,88.88166
Finland,2015,female,15-24,12,317937,3.77,,2.32465E+11,44862,19.6,87.67987
Finland,2015,male,15-24,59,332082,17.77,,2.32465E+11,44862,22.5,87.67987
Finland,2015,female,25-54,85,1020117,8.332377561,,2.32465E+11,44862,7.5,87.67987
Finland,2015,male,25-54,282,1061554,26.56482854,,2.32465E+11,44862,7.9,87.67987
France,2000,female,15-24,137,3764091,3.64,0.848,1.36225E+12,24648,23.7,50.60308
France,2000,male,15-24,471,3885375,12.12,0.848,1.36225E+12,24648,18.4,50.60308
France,2000,female,25-54,1418,12689621,11.17448661,0.848,1.36225E+12,24648,11.1,50.60308
France,2000,male,25-54,4323,12531850,34.49610393,0.848,1.36225E+12,24648,7.5,50.60308
France,2005,female,15-24,128,3877610,3.3,0.867,2.19613E+12,38420,21.3,53.88233
France,2005,male,15-24,439,3992606,11,0.867,2.19613E+12,38420,19.5,53.88233
France,2005,female,25-54,1399,12676480,11.0361867,0.867,2.19613E+12,38420,8.4,53.88233
France,2005,male,25-54,4139,12476250,33.17503256,0.867,2.19613E+12,38420,6.6,53.88233
France,2010,female,15-24,117,3823806,3.06,0.881,2.64261E+12,44747,23,54.88172
France,2010,male,15-24,385,3937209,9.78,0.881,2.64261E+12,44747,22.2,54.88172
France,2010,female,25-54,1251,12643516,9.894399627,0.881,2.64261E+12,44747,7.9,54.88172
France,2010,male,25-54,3923,12347521,31.77155965,0.881,2.64261E+12,44747,7.3,54.88172
France,2011,female,15-24,124,3794959,3.27,0.884,2.86141E+12,48217,22.6,55.62573
France,2011,male,15-24,367,3914976,9.37,0.884,2.86141E+12,48217,21.4,55.62573
France,2011,female,25-54,1182,12625782,9.361796362,0.884,2.86141E+12,48217,8.1,55.62573
France,2011,male,25-54,3929,12336569,31.84840129,0.884,2.86141E+12,48217,7.3,55.62573
France,2012,female,15-24,106,3776265,2.81,0.886,2.68383E+12,45002,23.1,57.90901
France,2012,male,15-24,359,3900107,9.2,0.886,2.68383E+12,45002,24.1,57.90901
France,2012,female,25-54,1074,12603897,8.521174046,0.886,2.68383E+12,45002,8.4,57.90901
France,2012,male,25-54,3591,12322385,29.14208572,0.886,2.68383E+12,45002,8.1,57.90901
France,2013,female,15-24,116,3728182,3.11,0.887,2.81108E+12,46922,24.4,59.84876
France,2013,male,15-24,310,3849077,8.05,0.887,2.81108E+12,46922,23.8,59.84876
France,2013,female,25-54,1006,12604991,7.980965635,0.887,2.81108E+12,46922,8.7,59.84876
France,2013,male,25-54,3552,12318240,28.83528816,0.887,2.81108E+12,46922,8.8,59.84876
France,2014,female,15-24,92,3711936,2.48,0.888,2.85217E+12,47318,22.2,61.51048
France,2014,male,15-24,282,3841223,7.34,0.888,2.85217E+12,47318,24.5,61.51048
France,2014,female,25-54,948,12594022,7.527380848,0.888,2.85217E+12,47318,8.8,61.51048
France,2014,male,25-54,3216,12303359,26.13920312,0.888,2.85217E+12,47318,8.9,61.51048
Germany,2013,female,15-24,111,4259808,2.61,0.915,3.75251E+12,48563,7.1,61.38684
Germany,2013,male,15-24,391,4474441,8.74,0.915,3.75251E+12,48563,8.5,61.38684
Germany,2013,female,25-54,996,16764603,5.941089091,0.915,3.75251E+12,48563,4.6,61.38684
Germany,2013,male,25-54,3162,17109839,18.4805947,0.915,3.75251E+12,48563,5.1,61.38684
Germany,2014,female,15-24,121,4215773,2.87,0.916,3.89061E+12,50167,7.1,65.50391
Germany,2014,male,15-24,397,4452615,8.92,0.916,3.89061E+12,50167,8.4,65.50391
Germany,2014,female,25-54,983,16733686,5.874378185,0.916,3.89061E+12,50167,4.4,65.50391
Germany,2014,male,25-54,3194,17129217,18.64650322,0.916,3.89061E+12,50167,5,65.50391
Germany,2015,female,15-24,136,4195185,3.24,,3.37561E+12,43201,6.5,67.74687
Germany,2015,male,15-24,376,4520300,8.32,,3.37561E+12,43201,7.9,67.74687
Germany,2015,female,25-54,993,16677913,5.953982372,,3.37561E+12,43201,4,67.74687
Germany,2015,male,25-54,2988,17191463,17.38071972,,3.37561E+12,43201,4.7,67.74687
Iceland,2000,female,15-24,1,21102,4.74,0.859,8927140438,34372,3.6,46.09699
Iceland,2000,male,15-24,13,21730,59.83,0.859,8927140438,34372,5.7,46.09699
Iceland,2000,female,25-54,4,58314,6.859416264,0.859,8927140438,34372,2.4,46.09699
Iceland,2000,male,25-54,23,59875,38.41336117,0.859,8927140438,34372,1.1,46.09699
Iceland,2005,female,15-24,0,21198,0,0.889,16691490114,60712,6,69.88068
Iceland,2005,male,15-24,3,22100,13.57,0.889,16691490114,60712,8.5,69.88068
Iceland,2005,female,25-54,6,61444,9.764989259,0.889,16691490114,60712,1.8,69.88068
Iceland,2005,male,25-54,16,63109,25.35296075,0.889,16691490114,60712,1.6,69.88068
Iceland,2010,female,15-24,1,22907,4.37,0.892,13310567803,45179,14.1,78.81844
Iceland,2010,male,15-24,6,23905,25.1,0.892,13310567803,45179,18.3,78.81844
Iceland,2010,female,25-54,6,65084,9.218855633,0.892,13310567803,45179,5.6,78.81844
Iceland,2010,male,25-54,19,67194,28.2763342,0.892,13310567803,45179,7,78.81844
Iceland,2011,female,15-24,1,22926,4.36,0.896,14732689535,49861,10.7,81.47075
Iceland,2011,male,15-24,2,24083,8.3,0.896,14732689535,49861,18.4,81.47075
Iceland,2011,female,25-54,2,64812,3.0858483,0.896,14732689535,49861,5.7,81.47075
Iceland,2011,male,25-54,13,66205,19.63597916,0.896,14732689535,49861,5.6,81.47075
Iceland,2012,female,15-24,2,22968,8.71,0.897,14292008745,48083,12.4,81.95589
Iceland,2012,male,15-24,3,24210,12.39,0.897,14292008745,48083,14.7,81.95589
Iceland,2012,female,25-54,5,64699,7.728094716,0.897,14292008745,48083,4.4,81.95589
Iceland,2012,male,25-54,15,65627,22.85644628,0.897,14292008745,48083,4.8,81.95589
Iceland,2013,female,15-24,0,22970,0,0.899,15548321544,51749,7.8,80.29685
Iceland,2013,male,15-24,5,24215,20.65,0.899,15548321544,51749,13.6,80.29685
Iceland,2013,female,25-54,8,64969,12.31356493,0.899,15548321544,51749,4.9,80.29685
Iceland,2013,male,25-54,19,65853,28.85214037,0.899,15548321544,51749,4.4,80.29685
Iceland,2014,female,15-24,2,22989,8.7,0.899,17304033021,56833,6.9,81.43798
Iceland,2014,male,15-24,4,24185,16.54,0.899,17304033021,56833,13.1,81.43798
Iceland,2014,female,25-54,6,65363,9.179505225,0.899,17304033021,56833,5,81.43798
Iceland,2014,male,25-54,16,66442,24.08115349,0.899,17304033021,56833,3.8,81.43798
Iceland,2015,female,15-24,0,22962,0,,16942247374,54909,6.7,75.76606
Iceland,2015,male,15-24,7,24116,29.03,,16942247374,54909,10.7,75.76606
Iceland,2015,female,25-54,3,65771,4.561280808,,16942247374,54909,3.8,75.76606
Iceland,2015,male,25-54,17,67247,25.27993814,,16942247374,54909,2.6,75.76606
Iceland,2016,female,15-24,0,22971,0,,20304098101,64708,6.4,73.60044
Iceland,2016,male,15-24,6,24099,24.9,,20304098101,64708,6.6,73.60044
Iceland,2016,female,25-54,2,66449,3.009827085,,20304098101,64708,2.8,73.60044
Iceland,2016,male,25-54,19,69053,27.5150971,,20304098101,64708,2.2,73.60044
Ireland,2000,female,15-24,21,314968,6.67,0.861,99853528653,28340,8.1,49.44981
Ireland,2000,male,15-24,85,326264,26.05,0.861,99853528653,28340,7.9,49.44981
Ireland,2000,female,25-54,46,786313,5.850087688,0.861,99853528653,28340,4.5,49.44981
Ireland,2000,male,25-54,237,785362,30.17716671,0.861,99853528653,28340,3.9,49.44981
Ireland,2005,female,15-24,18,314542,5.72,0.895,2.11651E+11,55213,8.7,58.86932
Ireland,2005,male,15-24,80,322805,24.78,0.895,2.11651E+11,55213,10.8,58.86932
Ireland,2005,female,25-54,48,887856,5.4062821,0.895,2.11651E+11,55213,4,58.86932
Ireland,2005,male,25-54,220,897099,24.52349183,0.895,2.11651E+11,55213,4,58.86932
Ireland,2010,female,15-24,11,296543,3.71,0.908,2.21951E+11,52042,21.5,63.12644
Ireland,2010,male,15-24,67,301996,22.19,0.908,2.21951E+11,52042,35.5,63.12644
Ireland,2010,female,25-54,57,1036012,5.501866774,0.908,2.21951E+11,52042,10.3,63.12644
Ireland,2010,male,25-54,241,1035796,23.26712982,0.908,2.21951E+11,52042,15.2,63.12644
Ireland,2011,female,15-24,16,287304,5.57,0.909,2.39019E+11,56655,23.4,67.79859
Ireland,2011,male,15-24,78,292307,26.68,0.909,2.39019E+11,56655,36.9,67.79859
Ireland,2011,female,25-54,65,1020777,6.367698332,0.909,2.39019E+11,56655,11.2,67.79859
Ireland,2011,male,25-54,291,1005737,28.93400561,0.909,2.39019E+11,56655,16.1,67.79859
Ireland,2012,female,15-24,16,273610,5.85,0.91,2.25572E+11,53443,26.2,68.19725
Ireland,2012,male,15-24,59,279882,21.08,0.91,2.25572E+11,53443,40,68.19725
Ireland,2012,female,25-54,62,1023755,6.056136478,0.91,2.25572E+11,53443,11.5,68.19725
Ireland,2012,male,25-54,281,996059,28.21118026,0.91,2.25572E+11,53443,16.1,68.19725
Ireland,2013,female,15-24,9,260127,3.46,0.912,2.39389E+11,56628,25.6,71.69955
Ireland,2013,male,15-24,44,273178,16.11,0.912,2.39389E+11,56628,33.2,71.69955
Ireland,2013,female,25-54,66,1019909,6.471165565,0.912,2.39389E+11,56628,11.7,71.69955
Ireland,2013,male,25-54,237,989336,23.95546104,0.912,2.39389E+11,56628,14.1,71.69955
Ireland,2014,female,15-24,11,261032,4.21,0.916,2.58099E+11,59634,24.7,73.81323
Ireland,2014,male,15-24,63,267635,23.54,0.916,2.58099E+11,59634,28.1,73.81323
Ireland,2014,female,25-54,59,1032209,5.715896684,0.916,2.58099E+11,59634,9.7,73.81323
Ireland,2014,male,25-54,245,1013963,24.16261737,0.916,2.58099E+11,59634,11.9,73.81323
Israel,2000,female,15-24,10,530270,1.89,0.85,1.32339E+11,23451,17.4,50.01055
Israel,2000,male,15-24,65,552321,11.77,0.85,1.32339E+11,23451,17.3,50.01055
Israel,2000,female,25-54,39,1206529,3.23241298,0.85,1.32339E+11,23451,9.7,50.01055
Israel,2000,male,25-54,166,1169135,14.19853139,0.85,1.32339E+11,23451,9.1,50.01055
Israel,2005,female,15-24,13,553467,2.35,0.87,1.42463E+11,22901,18.8,58.74306
Israel,2005,male,15-24,66,576279,11.45,0.87,1.42463E+11,22901,17.1,58.74306
Israel,2005,female,25-54,58,1321623,4.38854348,0.87,1.42463E+11,22901,10.2,58.74306
Israel,2005,male,25-54,149,1290648,11.54458845,0.87,1.42463E+11,22901,9.6,58.74306
Israel,2010,female,15-24,10,576967,1.73,0.883,2.3361E+11,34104,13.6,65.92614
Israel,2010,male,15-24,63,600681,10.49,0.883,2.3361E+11,34104,14.8,65.92614
Israel,2010,female,25-54,42,1441852,2.912920327,0.883,2.3361E+11,34104,7.1,65.92614
Israel,2010,male,25-54,196,1416036,13.84145601,0.883,2.3361E+11,34104,7.9,65.92614
Israel,2011,female,15-24,12,583108,2.06,0.888,2.61629E+11,37528,11.7,66.58563
Israel,2011,male,15-24,41,605530,6.77,0.888,2.61629E+11,37528,11.9,66.58563
Israel,2011,female,25-54,38,1459496,2.603638516,0.888,2.61629E+11,37528,6.3,66.58563
Israel,2011,male,25-54,156,1433071,10.88571327,0.888,2.61629E+11,37528,6.5,66.58563
Israel,2012,female,15-24,13,589147,2.21,0.89,2.57297E+11,36263,12.7,68.57462
Israel,2012,male,15-24,32,614618,5.21,0.89,2.57297E+11,36263,11.6,68.57462
Israel,2012,female,25-54,35,1482659,2.360623717,0.89,2.57297E+11,36263,6.2,68.57462
Israel,2012,male,25-54,188,1459528,12.88087656,0.89,2.57297E+11,36263,6.1,68.57462
Israel,2013,female,15-24,5,597664,0.84,0.893,2.92489E+11,40477,10.7,67.04384
Israel,2013,male,15-24,30,623751,4.81,0.893,2.92489E+11,40477,10.4,67.04384
Israel,2013,female,25-54,41,1503764,2.726491657,0.893,2.92489E+11,40477,5.8,67.04384
Israel,2013,male,25-54,149,1482033,10.05375724,0.893,2.92489E+11,40477,5.5,67.04384
Israel,2014,female,15-24,10,607031,1.65,0.894,3.08417E+11,41869,11.1,66.94252
Israel,2014,male,15-24,35,633544,5.52,0.894,3.08417E+11,41869,10.1,66.94252
Israel,2014,female,25-54,42,1525973,2.752342276,0.894,3.08417E+11,41869,5.2,66.94252
Israel,2014,male,25-54,166,1505751,11.02439912,0.894,3.08417E+11,41869,5.3,66.94252
Israel,2015,female,15-24,8,617440,1.3,,2.99094E+11,39793,9.7,65.48689
Israel,2015,male,15-24,35,644674,5.43,,2.99094E+11,39793,8.9,65.48689
Israel,2015,female,25-54,33,1549384,2.129878713,,2.99094E+11,39793,4.9,65.48689
Israel,2015,male,25-54,137,1530657,8.950404957,,2.99094E+11,39793,4.5,65.48689
Italy,2000,female,15-24,51,3324191,1.53,0.829,1.14176E+12,21027,35.4,49.81127
Italy,2000,male,15-24,230,3445970,6.67,0.829,1.14176E+12,21027,25.4,49.81127
Italy,2000,female,25-54,437,12491435,3.498397102,0.829,1.14176E+12,21027,12.1,49.81127
Italy,2000,male,25-54,1373,12445773,11.03185796,0.829,1.14176E+12,21027,6.3,49.81127
Italy,2005,female,15-24,41,2915662,1.41,0.856,1.85266E+12,33536,27.6,64.43843
Italy,2005,male,15-24,170,3051710,5.57,0.856,1.85266E+12,33536,21.6,64.43843
Italy,2005,female,25-54,370,12706076,2.911992656,0.856,1.85266E+12,33536,8.9,64.43843
Italy,2005,male,25-54,1242,12674962,9.798845945,0.856,1.85266E+12,33536,5.1,64.43843
Italy,2010,female,15-24,31,2961065,1.05,0.869,2.12506E+12,36869,29.4,65.7743
Italy,2010,male,15-24,144,3116429,4.62,0.869,2.12506E+12,36869,26.9,65.7743
Italy,2010,female,25-54,374,13104534,2.853974052,0.869,2.12506E+12,36869,8.9,65.7743
Italy,2010,male,25-54,1439,13078241,11.00300874,0.869,2.12506E+12,36869,6.5,65.7743
Italy,2011,female,15-24,43,2887985,1.49,0.873,2.27629E+12,40210,32.1,65.56312
Italy,2011,male,15-24,169,3033825,5.57,0.873,2.27629E+12,40210,27.1,65.56312
Italy,2011,female,25-54,362,12795126,2.829202307,0.873,2.27629E+12,40210,8.8,65.56312
Italy,2011,male,25-54,1453,12603338,11.52869184,0.873,2.27629E+12,40210,6.5,65.56312
Italy,2012,female,15-24,44,2883565,1.53,0.872,2.07282E+12,36497,37.6,64.13355
Italy,2012,male,15-24,179,3031610,5.9,0.872,2.07282E+12,36497,33.7,64.13355
Italy,2012,female,25-54,393,12755523,3.081018317,0.872,2.07282E+12,36497,10.9,64.13355
Italy,2012,male,25-54,1544,12588114,12.26553875,0.872,2.07282E+12,36497,8.6,64.13355
Italy,2013,female,15-24,49,2892351,1.69,0.873,2.13049E+12,37050,41.5,62.29616
Italy,2013,male,15-24,147,3051918,4.82,0.873,2.13049E+12,37050,39,62.29616
Italy,2013,female,25-54,401,12841745,3.122628584,0.873,2.13049E+12,37050,12.3,62.29616
Italy,2013,male,25-54,1504,12707891,11.83516604,0.873,2.13049E+12,37050,10.3,62.29616
Italy,2014,female,15-24,46,2894944,1.59,0.873,2.15173E+12,37035,44.7,61.70275
Italy,2014,male,15-24,170,3066963,5.54,0.873,2.15173E+12,37035,41.3,61.70275
Italy,2014,female,25-54,446,12892182,3.459460935,0.873,2.15173E+12,37035,13.2,61.70275
Italy,2014,male,25-54,1423,12790343,11.12558123,0.873,2.15173E+12,37035,10.8,61.70275
Italy,2015,female,15-24,34,2874645,1.18,,1.83287E+12,31537,42.6,60.93946
Italy,2015,male,15-24,161,3057509,5.27,,1.83287E+12,31537,38.8,60.93946
Italy,2015,female,25-54,384,12781538,3.004333281,,1.83287E+12,31537,12.2,60.93946
Italy,2015,male,25-54,1334,12691691,10.51081373,,1.83287E+12,31537,10.4,60.93946
Luxembourg,2000,female,15-24,1,24072,4.15,0.851,21263514833,51841,7.3,9.81474
Luxembourg,2000,male,15-24,3,25108,11.95,0.851,21263514833,51841,5.7,9.81474
Luxembourg,2000,female,25-54,4,97641,4.096639731,0.851,21263514833,51841,2.9,9.81474
Luxembourg,2000,male,25-54,22,101622,21.64885556,0.851,21263514833,51841,1.4,9.81474
Luxembourg,2010,female,15-24,0,29539,0,0.886,53212476812,111328,10.2,18.26521
Luxembourg,2010,male,15-24,3,30768,9.75,0.886,53212476812,111328,17.6,18.26521
Luxembourg,2010,female,25-54,7,114015,6.139543043,0.886,53212476812,111328,5,18.26521
Luxembourg,2010,male,25-54,27,116996,23.07771206,0.886,53212476812,111328,3,18.26521
Luxembourg,2012,female,15-24,1,31459,3.18,0.888,56677961787,113120,18.6,19.4322
Luxembourg,2012,male,15-24,5,33062,15.12,0.888,56677961787,113120,18.9,19.4322
Luxembourg,2012,female,25-54,6,119227,5.032417154,0.888,56677961787,113120,5.3,19.4322
Luxembourg,2012,male,25-54,17,123436,13.77231926,0.888,56677961787,113120,3.8,19.4322
Luxembourg,2015,female,15-24,1,33170,3.01,,57784495265,107456,15.7,19.77631
Luxembourg,2015,male,15-24,4,34757,11.51,,57784495265,107456,18.9,19.77631
Luxembourg,2015,female,25-54,6,127928,4.690138203,,57784495265,107456,6.9,19.77631
Luxembourg,2015,male,25-54,21,133025,15.7865063,,57784495265,107456,5,19.77631
Mexico,2000,female,15-24,231,10247321,2.25,0.699,7.07907E+11,7892,6.2,20.49101
Mexico,2000,male,15-24,870,10407812,8.36,0.699,7.07907E+11,7892,4.4,20.49101
Mexico,2000,female,25-54,212,18444161,1.149415254,0.699,7.07907E+11,7892,2.4,20.49101
Mexico,2000,male,25-54,1552,17807388,8.715483708,0.699,7.07907E+11,7892,1.5,20.49101
Mexico,2005,female,15-24,272,10208805,2.66,0.722,8.77476E+11,9071,8.2,24.2164
Mexico,2005,male,15-24,943,10509381,8.97,0.722,8.77476E+11,9071,6.2,24.2164
Mexico,2005,female,25-54,336,21015936,1.598786749,0.722,8.77476E+11,9071,2.9,24.2164
Mexico,2005,male,25-54,1974,20244109,9.750984842,0.722,8.77476E+11,9071,2.7,24.2164
Mexico,2010,female,15-24,350,10827976,3.23,0.746,1.0578E+12,9991,10.5,27.56347
Mexico,2010,male,15-24,1074,11192708,9.6,0.746,1.0578E+12,9991,9.3,27.56347
Mexico,2010,female,25-54,408,23563892,1.731462697,0.746,1.0578E+12,9991,4.3,27.56347
Mexico,2010,male,25-54,2127,22822219,9.319864996,0.746,1.0578E+12,9991,4.6,27.56347
Mexico,2011,female,15-24,439,10955599,4.01,0.748,1.18049E+12,10965,10.8,28.3415
Mexico,2011,male,15-24,1308,11318362,11.56,0.748,1.18049E+12,10965,9.3,28.3415
Mexico,2011,female,25-54,447,24063008,1.85762312,0.748,1.18049E+12,10965,4.2,28.3415
Mexico,2011,male,25-54,2350,23350951,10.06382995,0.748,1.18049E+12,10965,4.4,28.3415
Mexico,2012,female,15-24,407,11076558,3.67,0.754,1.20109E+12,10982,10.4,29.47184
Mexico,2012,male,15-24,1251,11427075,10.95,0.754,1.20109E+12,10982,8.9,29.47184
Mexico,2012,female,25-54,472,24557416,1.922026324,0.754,1.20109E+12,10982,4,29.47184
Mexico,2012,male,25-54,2277,23871270,9.538663004,0.754,1.20109E+12,10982,4.1,29.47184
Mexico,2013,female,15-24,392,11186604,3.5,0.755,1.27444E+12,11478,10.8,30.30004
Mexico,2013,male,15-24,1220,11520698,10.59,0.755,1.27444E+12,11478,8.7,30.30004
Mexico,2013,female,25-54,475,25047622,1.896387609,0.755,1.27444E+12,11478,4.1,30.30004
Mexico,2013,male,25-54,2620,24386627,10.7435932,0.755,1.27444E+12,11478,4.2,30.30004
Mexico,2014,female,15-24,416,11280468,3.69,0.756,1.31439E+12,11663,10.8,31.09414
Mexico,2014,male,15-24,1334,11603241,11.5,0.756,1.31439E+12,11663,8.8,31.09414
Mexico,2014,female,25-54,604,25534783,2.365400951,0.756,1.31439E+12,11663,4.1,31.09414
Mexico,2014,male,25-54,2698,24903412,10.83385682,0.756,1.31439E+12,11663,4.1,31.09414
Mexico,2015,female,15-24,484,11354811,4.26,,1.16962E+12,10228,10.1,31.81904
Mexico,2015,male,15-24,1347,11676480,11.54,,1.16962E+12,10228,7.8,31.81904
Mexico,2015,female,25-54,570,26019509,2.190663936,,1.16962E+12,10228,3.8,31.81904
Mexico,2015,male,25-54,2755,25424166,10.83614699,,1.16962E+12,10228,3.7,31.81904
Netherlands,2000,female,15-24,18,927539,1.94,0.877,4.12807E+11,27644,7,52.28482
Netherlands,2000,male,15-24,90,960741,9.37,0.877,4.12807E+11,27644,5.3,52.28482
Netherlands,2000,female,25-54,288,3598796,8.002676451,0.877,4.12807E+11,27644,3.3,52.28482
Netherlands,2000,male,25-54,602,3713141,16.21268893,0.877,4.12807E+11,27644,1.9,52.28482
Netherlands,2005,female,15-24,33,960181,3.44,0.891,6.78534E+11,44289,11,58.68984
Netherlands,2005,male,15-24,78,992090,7.86,0.891,6.78534E+11,44289,12.7,58.68984
Netherlands,2005,female,25-54,283,3518260,8.043748899,0.891,6.78534E+11,44289,6.1,58.68984
Netherlands,2005,male,25-54,647,3581204,18.06654969,0.891,6.78534E+11,44289,3.6,58.68984
Netherlands,2010,female,15-24,26,1000536,2.6,0.909,8.3639E+11,53302,10.1,63.71602
Netherlands,2010,male,15-24,97,1034368,9.38,0.909,8.3639E+11,53302,12,63.71602
Netherlands,2010,female,25-54,261,3445596,7.574886899,0.909,8.3639E+11,53302,4.6,63.71602
Netherlands,2010,male,25-54,611,3484893,17.53281952,0.909,8.3639E+11,53302,3.1,63.71602
Netherlands,2011,female,15-24,38,1004949,3.78,0.919,8.93757E+11,56667,9.5,75.87855
Netherlands,2011,male,15-24,85,1039605,8.18,0.919,8.93757E+11,56667,10.5,75.87855
Netherlands,2011,female,25-54,273,3435803,7.945740777,0.919,8.93757E+11,56667,4.5,75.87855
Netherlands,2011,male,25-54,642,3470731,18.49754418,0.919,8.93757E+11,56667,3.4,75.87855
Netherlands,2012,female,15-24,33,1006742,3.28,0.92,8.28947E+11,52334,11.6,76.60667
Netherlands,2012,male,15-24,97,1041845,9.31,0.92,8.28947E+11,52334,11.8,76.60667
Netherlands,2012,female,25-54,298,3423785,8.703817559,0.92,8.28947E+11,52334,5.1,76.60667
Netherlands,2012,male,25-54,675,3453944,19.5428762,0.92,8.28947E+11,52334,4.2,76.60667
Netherlands,2015,female,15-24,34,1018674,3.34,,7.57999E+11,47206,11.2,80.56992
Netherlands,2015,male,15-24,89,1058675,8.41,,7.57999E+11,47206,11.3,80.56992
Netherlands,2015,female,25-54,276,3384417,8.15502345,,7.57999E+11,47206,6.3,80.56992
Netherlands,2015,male,25-54,645,3407275,18.93008342,,7.57999E+11,47206,5,80.56992
Netherlands,2016,female,15-24,35,1025443,3.41,,7.77228E+11,48108,10.3,80.36484
Netherlands,2016,male,15-24,77,1067719,7.21,,7.77228E+11,48108,11.4,80.36484
Netherlands,2016,female,25-54,282,3378149,8.34776678,,7.77228E+11,48108,5.4,80.36484
Netherlands,2016,male,25-54,637,3403598,18.71548873,,7.77228E+11,48108,4,80.36484
New Zealand,2013,female,15-24,37,308050,12.01,0.911,1.90785E+11,46198,16.7,77.26279
New Zealand,2013,male,15-24,75,319330,23.49,0.911,1.90785E+11,46198,15.9,77.26279
New Zealand,2013,female,25-54,84,918780,9.14255861,0.911,1.90785E+11,46198,5.8,77.26279
New Zealand,2013,male,25-54,191,848230,22.51747757,0.911,1.90785E+11,46198,3.9,77.26279
Poland,2000,female,15-24,96,3161840,3.04,0.786,1.71886E+11,4744,37.3,49.67465
Poland,2000,male,15-24,649,3281737,19.78,0.786,1.71886E+11,4744,33.3,49.67465
Poland,2000,female,25-54,543,8214346,6.610386268,0.786,1.71886E+11,4744,16,49.67465
Poland,2000,male,25-54,3034,8163807,37.16403389,0.786,1.71886E+11,4744,12.1,49.67465
Poland,2005,female,15-24,71,3056685,2.32,0.805,3.06125E+11,8417,39.2,63.59458
Poland,2005,male,15-24,630,3179905,19.81,0.805,3.06125E+11,8417,36.7,63.59458
Poland,2005,female,25-54,476,8372405,5.685343698,0.805,3.06125E+11,8417,17.7,63.59458
Poland,2005,male,25-54,3091,8355373,36.99415933,0.805,3.06125E+11,8417,14.5,63.59458
Poland,2010,female,15-24,49,2596537,1.89,0.829,4.79321E+11,13304,25.4,74.75525
Poland,2010,male,15-24,547,2706883,20.21,0.829,4.79321E+11,13304,22.4,74.75525
Poland,2010,female,25-54,378,8271733,4.569779997,0.829,4.79321E+11,13304,8.7,74.75525
Poland,2010,male,25-54,3083,8378123,36.79821841,0.829,4.79321E+11,13304,7.9,74.75525
Poland,2011,female,15-24,58,2507255,2.31,0.833,5.28832E+11,14686,28.8,74.65851
Poland,2011,male,15-24,515,2616051,19.69,0.833,5.28832E+11,14686,23.6,74.65851
Poland,2011,female,25-54,339,8242344,4.112907687,0.833,5.28832E+11,14686,9.1,74.65851
Poland,2011,male,25-54,2974,8357612,35.5843272,0.833,5.28832E+11,14686,7.5,74.65851
Poland,2012,female,15-24,59,2427848,2.43,0.838,5.00361E+11,13894,30,73.96146
Poland,2012,male,15-24,509,2533873,20.09,0.838,5.00361E+11,13894,24.1,73.96146
Poland,2012,female,25-54,332,8200740,4.048415143,0.838,5.00361E+11,13894,9.7,73.96146
Poland,2012,male,25-54,3039,8325770,36.50112842,0.838,5.00361E+11,13894,8,73.96146
Poland,2013,female,15-24,63,2339251,2.69,0.84,5.24234E+11,14552,30.1,71.8564
Poland,2013,male,15-24,497,2443545,20.34,0.84,5.24234E+11,14552,25.4,71.8564
Poland,2013,female,25-54,353,8153146,4.329617058,0.84,5.24234E+11,14552,10,71.8564
Poland,2013,male,25-54,2823,8293315,34.03946432,0.84,5.24234E+11,14552,8.2,71.8564
Poland,2014,female,15-24,71,2256197,3.15,0.843,5.4518E+11,15119,25.5,68.44717
Poland,2014,male,15-24,527,2357793,22.35,0.843,5.4518E+11,15119,22.7,68.44717
Poland,2014,female,25-54,343,8105191,4.231855856,0.843,5.4518E+11,15119,8.7,68.44717
Poland,2014,male,25-54,2713,8257970,32.85311039,0.843,5.4518E+11,15119,7.2,68.44717
Poland,2015,female,15-24,61,2176442,2.8,,4.77356E+11,13228,20.9,66.94615
Poland,2015,male,15-24,440,2274111,19.35,,4.77356E+11,13228,20.7,66.94615
Poland,2015,female,25-54,327,8075178,4.04944634,,4.77356E+11,13228,7.1,66.94615
Poland,2015,male,25-54,2433,8237362,29.5361549,,4.77356E+11,13228,6.2,66.94615
Portugal,2000,female,15-24,7,734617,0.95,0.782,1.18358E+11,12152,11.6,47.86975
Portugal,2000,male,15-24,28,756755,3.7,0.782,1.18358E+11,12152,6.3,47.86975
Portugal,2000,female,25-54,31,2206670,1.404831715,0.782,1.18358E+11,12152,4.4,47.86975
Portugal,2000,male,25-54,141,2130605,6.617838595,0.782,1.18358E+11,12152,2.7,47.86975
Portugal,2010,female,15-24,12,570703,2.1,0.819,2.38303E+11,23673,24,65.60205
Portugal,2010,male,15-24,27,587910,4.59,0.819,2.38303E+11,23673,21.6,65.60205
Portugal,2010,female,25-54,99,2335145,4.239565423,0.819,2.38303E+11,23673,12.1,65.60205
Portugal,2010,male,25-54,316,2231913,14.15825796,0.819,2.38303E+11,23673,9.3,65.60205
Portugal,2011,female,15-24,9,564521,1.59,0.825,2.44895E+11,24337,31.7,68.42896
Portugal,2011,male,15-24,15,580769,2.58,0.825,2.44895E+11,24337,29,68.42896
Portugal,2011,female,25-54,91,2322415,3.918335009,0.825,2.44895E+11,24337,12.3,68.42896
Portugal,2011,male,25-54,317,2211036,14.33717045,0.825,2.44895E+11,24337,11.6,68.42896
Portugal,2012,female,15-24,8,557669,1.43,0.827,2.16368E+11,21573,39.3,68.51029
Portugal,2012,male,15-24,26,573583,4.53,0.827,2.16368E+11,21573,36.7,68.51029
Portugal,2012,female,25-54,63,2302059,2.736680511,0.827,2.16368E+11,21573,14.7,68.51029
Portugal,2012,male,25-54,339,2180946,15.5437136,0.827,2.16368E+11,21573,14.7,68.51029
Portugal,2013,female,15-24,5,550397,0.91,0.828,2.26073E+11,22641,39.6,66.13674
Portugal,2013,male,15-24,20,566585,3.53,0.828,2.26073E+11,22641,36.7,66.13674
Portugal,2013,female,25-54,83,2276925,3.645267191,0.828,2.26073E+11,22641,15.6,66.13674
Portugal,2013,male,25-54,313,2145769,14.58684509,0.828,2.26073E+11,22641,15.4,66.13674
Portugal,2014,female,15-24,8,545684,1.47,0.83,2.2963E+11,23091,35.4,65.50357
Portugal,2014,male,15-24,28,562495,4.98,0.83,2.2963E+11,23091,34.2,65.50357
Portugal,2014,female,25-54,116,2251793,5.151450422,0.83,2.2963E+11,23091,13.4,65.50357
Portugal,2014,male,25-54,363,2110369,17.20078337,0.83,2.2963E+11,23091,12,65.50357
Russian Federation,2000,female,15-24,1015,11120027,9.13,,2.59708E+11,1879,22.2,55.79958
Russian Federation,2000,male,15-24,6578,11393600,57.73,,2.59708E+11,1879,19.5,55.79958
Russian Federation,2000,female,25-54,3953,32479159,12.17088164,,2.59708E+11,1879,8.8,55.79958
Russian Federation,2000,male,25-54,29717,31403279,94.63024546,,2.59708E+11,1879,9.6,55.79958
Russian Federation,2005,female,15-24,904,12011488,7.53,,7.64017E+11,5611,16.8,72.56594
Russian Federation,2005,male,15-24,5750,12357989,46.53,,7.64017E+11,5611,14.4,72.56594
Russian Federation,2005,female,25-54,3303,33362586,9.900311684,,7.64017E+11,5611,5.9,72.56594
Russian Federation,2005,male,25-54,23639,31128453,75.94016959,,7.64017E+11,5611,6.4,72.56594
Russian Federation,2011,female,15-24,740,9723773,7.61,,2.05166E+12,15226,15.5,76.18489
Russian Federation,2011,male,15-24,3569,10070836,35.44,,2.05166E+12,15226,15,76.18489
Russian Federation,2011,female,25-54,2358,33371260,7.06596035,,2.05166E+12,15226,5.2,76.18489
Russian Federation,2011,male,25-54,15422,31283101,49.29818179,,2.05166E+12,15226,6,76.18489
Russian Federation,2012,female,15-24,627,9131383,6.87,,2.21026E+12,16413,15.1,75.90709
Russian Federation,2012,male,15-24,3275,9484213,34.53,,2.21026E+12,16413,14.5,75.90709
Russian Federation,2012,female,25-54,2438,33391955,7.301159815,,2.21026E+12,16413,4.4,75.90709
Russian Federation,2012,male,25-54,14517,31434604,46.1815902,,2.21026E+12,16413,4.9,75.90709
Russian Federation,2013,female,15-24,511,8554683,5.97,,2.29713E+12,17052,14.5,77.85032
Russian Federation,2013,male,15-24,2770,8908926,31.09,,2.29713E+12,17052,13.3,77.85032
Russian Federation,2013,female,25-54,2257,33369649,6.763631227,,2.29713E+12,17052,4.4,77.85032
Russian Federation,2013,male,25-54,14640,31542027,46.41426501,,2.29713E+12,17052,5,77.85032
Russian Federation,2014,female,15-24,467,8554683,5.46,,2.06366E+12,15319,14.1,78.4631
Russian Federation,2014,male,15-24,2311,8908926,25.94,,2.06366E+12,15319,13.3,78.4631
Russian Federation,2014,female,25-54,2020,33369649,6.053404997,,2.06366E+12,15319,4.2,78.4631
Russian Federation,2014,male,25-54,13381,31542027,42.42276503,,2.06366E+12,15319,4.7,78.4631
Russian Federation,2015,female,15-24,378,7653174,4.94,,1.3684E+12,9987,16.9,79.93813
Russian Federation,2015,male,15-24,1928,7995706,24.11,,1.3684E+12,9987,15.3,79.93813
Russian Federation,2015,female,25-54,2121,33652076,6.302731516,,1.3684E+12,9987,4.6,79.93813
Russian Federation,2015,male,25-54,12892,32005141,40.2810286,,1.3684E+12,9987,5,79.93813
South Africa,2012,female,15-24,48,5096625,0.94,0.659,3.96333E+11,8347,56.7,19.14366
South Africa,2012,male,15-24,107,5178479,2.07,0.659,3.96333E+11,8347,47.6,19.14366
South Africa,2012,female,25-54,45,10599009,0.424567995,0.659,3.96333E+11,8347,24,19.14366
South Africa,2012,male,25-54,216,10370014,2.082928721,0.659,3.96333E+11,8347,20.2,19.14366
South Africa,2013,female,15-24,32,5097679,0.63,0.663,3.66829E+11,7612,55.5,19.93049
South Africa,2013,male,15-24,119,5182542,2.3,0.663,3.66829E+11,7612,48,19.93049
South Africa,2013,female,25-54,61,10809568,0.564314874,0.663,3.66829E+11,7612,23.6,19.93049
South Africa,2013,male,25-54,292,10604473,2.753555033,0.663,3.66829E+11,7612,20.3,19.93049
South Africa,2014,female,15-24,50,5100812,0.98,0.666,3.50905E+11,7174,55.3,19.80924
South Africa,2014,male,15-24,126,5186816,2.43,0.666,3.50905E+11,7174,48,19.80924
South Africa,2014,female,25-54,55,11017613,0.499200689,0.666,3.50905E+11,7174,24.5,19.80924
South Africa,2014,male,25-54,281,10838634,2.592577626,0.666,3.50905E+11,7174,20.8,19.80924
Spain,2000,female,15-24,43,2846326,1.51,0.827,5.95403E+11,15538,32.9,57.72711
Spain,2000,male,15-24,229,2984879,7.67,0.827,5.95403E+11,15538,19.4,57.72711
Spain,2000,female,25-54,323,8773836,3.681400017,0.827,5.95403E+11,15538,18.9,57.72711
Spain,2000,male,25-54,1142,8839073,12.91990687,0.827,5.95403E+11,15538,8,57.72711
Spain,2005,female,15-24,38,2553272,1.49,0.845,1.15728E+12,28092,23.4,67.15335
Spain,2005,male,15-24,164,2683966,6.11,0.845,1.15728E+12,28092,16.7,67.15335
Spain,2005,female,25-54,345,9882539,3.491005702,0.845,1.15728E+12,28092,10.7,67.15335
Spain,2005,male,25-54,1231,10170132,12.10407102,0.845,1.15728E+12,28092,6,67.15335
Spain,2010,female,15-24,23,2348349,0.98,0.867,1.43162E+12,32839,39.6,75.91095
Spain,2010,male,15-24,99,2455458,4.03,0.867,1.43162E+12,32839,43.1,75.91095
Spain,2010,female,25-54,340,10577449,3.214385624,0.867,1.43162E+12,32839,18.9,75.91095
Spain,2010,male,25-54,1243,10910274,11.3929311,0.867,1.43162E+12,32839,17.9,75.91095
Spain,2011,female,15-24,21,2294452,0.92,0.87,1.48807E+12,34097,44,80.03797
Spain,2011,male,15-24,93,2391304,3.89,0.87,1.48807E+12,34097,48.2,80.03797
Spain,2011,female,25-54,360,10553419,3.411216782,0.87,1.48807E+12,34097,20.5,80.03797
Spain,2011,male,25-54,1224,10826172,11.30593528,0.87,1.48807E+12,34097,19.4,80.03797
Spain,2012,female,15-24,34,2275761,1.49,0.874,1.33602E+12,30146,51.4,82.27033
Spain,2012,male,15-24,120,2380360,5.04,0.874,1.33602E+12,30146,54.1,82.27033
Spain,2012,female,25-54,407,10644319,3.823635876,0.874,1.33602E+12,30146,23.6,82.27033
Spain,2012,male,25-54,1334,10961016,12.17040464,0.874,1.33602E+12,30146,23,82.27033
Spain,2013,female,15-24,45,2226350,2.02,0.874,1.36185E+12,30792,54.6,83.72564
Spain,2013,male,15-24,131,2330807,5.62,0.874,1.36185E+12,30792,56.2,83.72564
Spain,2013,female,25-54,452,10517442,4.297622939,0.874,1.36185E+12,30792,25.2,83.72564
Spain,2013,male,25-54,1434,10770523,13.31411669,0.874,1.36185E+12,30792,23.8,83.72564
Spain,2014,female,15-24,50,2191362,2.28,0.876,1.37691E+12,31171,52.9,85.44627
Spain,2014,male,15-24,136,2297600,5.92,0.876,1.37691E+12,31171,53.4,85.44627
Spain,2014,female,25-54,466,10385485,4.48703166,0.876,1.37691E+12,31171,24.1,85.44627
Spain,2014,male,25-54,1452,10592982,13.7071884,0.876,1.37691E+12,31171,21.7,85.44627
Spain,2015,female,15-24,47,2177807,2.16,,1.19779E+12,27108,48,85.61178
Spain,2015,male,15-24,109,2287320,4.77,,1.19779E+12,27108,48.6,85.61178
Spain,2015,female,25-54,426,10274109,4.146344953,,1.19779E+12,27108,22.4,85.61178
Spain,2015,male,25-54,1256,10448671,12.02066751,,1.19779E+12,27108,18.9,85.61178
Sweden,2000,female,15-24,26,500737,5.19,0.897,2.59802E+11,30896,11.3,67.0748
Sweden,2000,male,15-24,63,524457,12.01,0.897,2.59802E+11,30896,12.1,67.0748
Sweden,2000,female,25-54,153,1802632,8.487589258,0.897,2.59802E+11,30896,4.5,67.0748
Sweden,2000,male,25-54,389,1867193,20.83341144,0.897,2.59802E+11,30896,5.3,67.0748
Sweden,2005,female,15-24,36,542149,6.64,0.892,3.89042E+11,45563,21.6,81.95384
Sweden,2005,male,15-24,68,569180,11.95,0.892,3.89042E+11,45563,22.3,81.95384
Sweden,2005,female,25-54,175,1766766,9.905103449,0.892,3.89042E+11,45563,6.3,81.95384
Sweden,2005,male,25-54,392,1826977,21.45620881,0.892,3.89042E+11,45563,6.2,81.95384
Sweden,2010,female,15-24,31,607958,5.1,0.901,4.88378E+11,55352,23.6,73.67311
Sweden,2010,male,15-24,87,639346,13.61,0.901,4.88378E+11,55352,25.9,73.67311
Sweden,2010,female,25-54,131,1799463,7.279949629,0.901,4.88378E+11,55352,6.6,73.67311
Sweden,2010,male,25-54,386,1866953,20.67539997,0.901,4.88378E+11,55352,6.3,73.67311
Sweden,2011,female,15-24,36,607514,5.93,0.903,5.6311E+11,63380,22.2,72.8254
Sweden,2011,male,15-24,85,639416,13.29,0.903,5.6311E+11,63380,23.3,72.8254
Sweden,2011,female,25-54,149,1810000,8.232044199,0.903,5.6311E+11,63380,5.8,72.8254
Sweden,2011,male,25-54,370,1877994,19.70187338,0.903,5.6311E+11,63380,5.6,72.8254
Sweden,2012,female,15-24,34,602499,5.64,0.904,5.43881E+11,60776,22.3,68.81765
Sweden,2012,male,15-24,83,635011,13.07,0.904,5.43881E+11,60776,25,68.81765
Sweden,2012,female,25-54,167,1822362,9.163931206,0.904,5.43881E+11,60776,5.7,68.81765
Sweden,2012,male,25-54,370,1889160,19.58542421,0.904,5.43881E+11,60776,6.1,68.81765
Sweden,2013,female,15-24,48,595101,8.07,0.905,5.78742E+11,64133,22.3,63.21716
Sweden,2013,male,15-24,99,628573,15.75,0.905,5.78742E+11,64133,24.8,63.21716
Sweden,2013,female,25-54,163,1838658,8.865161438,0.905,5.78742E+11,64133,6.1,63.21716
Sweden,2013,male,25-54,377,1904982,19.79021324,0.905,5.78742E+11,64133,6,63.21716
Sweden,2014,female,15-24,36,585957,6.14,0.907,5.73818E+11,62956,21.5,62.18059
Sweden,2014,male,15-24,88,621210,14.17,0.907,5.73818E+11,62956,24.3,62.18059
Sweden,2014,female,25-54,177,1859494,9.518718533,0.907,5.73818E+11,62956,5.9,62.18059
Sweden,2014,male,25-54,352,1928238,18.25500794,0.907,5.73818E+11,62956,6,62.18059
Sweden,2015,female,15-24,38,585957,6.49,,4.97918E+11,54629,19.4,62.28248
Sweden,2015,male,15-24,69,621210,11.11,,4.97918E+11,54629,21.2,62.28248
Sweden,2015,female,25-54,148,1859494,7.95915448,,4.97918E+11,54629,5.8,62.28248
Sweden,2015,male,25-54,396,1928238,20.53688393,,4.97918E+11,54629,5.8,62.28248
Sweden,2016,female,15-24,36,570983,6.3,,5.1446E+11,55594,17.2,63.54802
Sweden,2016,male,15-24,70,605396,11.56,,5.1446E+11,55594,20.5,63.54802
Sweden,2016,female,25-54,163,1899154,8.582768959,,5.1446E+11,55594,5.3,63.54802
Sweden,2016,male,25-54,380,1970148,19.28789106,,5.1446E+11,55594,5.6,63.54802
Switzerland,2000,female,15-24,20,410136,4.88,0.888,2.72055E+11,39952,3.9,37.77896
Switzerland,2000,male,15-24,79,426957,18.5,0.888,2.72055E+11,39952,5.6,37.77896
Switzerland,2000,female,25-54,171,1610534,10.6175964,0.888,2.72055E+11,39952,3.1,37.77896
Switzerland,2000,male,25-54,507,1624607,31.20754743,0.888,2.72055E+11,39952,1.6,37.77896
Switzerland,2005,female,15-24,23,432571,5.32,0.904,4.08689E+11,57790,9.1,45.80415
Switzerland,2005,male,15-24,69,446784,15.44,0.904,4.08689E+11,57790,8.5,45.80415
Switzerland,2005,female,25-54,163,1638802,9.946290034,0.904,4.08689E+11,57790,4.6,45.80415
Switzerland,2005,male,25-54,398,1644001,24.20923102,0.904,4.08689E+11,57790,3.2,45.80415
Switzerland,2010,female,15-24,15,455057,3.3,0.924,5.83783E+11,78474,8.7,52.93773
Switzerland,2010,male,15-24,47,472649,9.94,0.924,5.83783E+11,78474,7.8,52.93773
Switzerland,2010,female,25-54,135,1713151,7.880216046,0.924,5.83783E+11,78474,4.9,52.93773
Switzerland,2010,male,25-54,341,1732590,19.68151727,0.924,5.83783E+11,78474,4.2,52.93773
Switzerland,2011,female,15-24,15,459710,3.26,0.925,6.9958E+11,93053,7.9,54.48452
Switzerland,2011,male,15-24,67,478339,14.01,0.925,6.9958E+11,93053,7.6,54.48452
Switzerland,2011,female,25-54,123,1727434,7.120387812,0.925,6.9958E+11,93053,4.5,54.48452
Switzerland,2011,male,25-54,342,1754914,19.48813446,0.925,6.9958E+11,93053,3.7,54.48452
Switzerland,2012,female,15-24,10,460498,2.17,0.927,6.68044E+11,87951,8,55.52047
Switzerland,2012,male,15-24,65,479646,13.55,0.927,6.68044E+11,87951,8.6,55.52047
Switzerland,2012,female,25-54,133,1742111,7.634415947,0.927,6.68044E+11,87951,4.5,55.52047
Switzerland,2012,male,25-54,317,1771400,17.89544993,0.927,6.68044E+11,87951,3.8,55.52047
Switzerland,2013,female,15-24,17,460483,3.69,0.928,6.88504E+11,89634,8.8,56.27015
Switzerland,2013,male,15-24,52,480011,10.83,0.928,6.88504E+11,89634,8.7,56.27015
Switzerland,2013,female,25-54,121,1758428,6.881146115,0.928,6.88504E+11,89634,4.7,56.27015
Switzerland,2013,male,25-54,333,1790199,18.60128399,0.928,6.88504E+11,89634,4.3,56.27015
Switzerland,2014,female,15-24,14,468004,2.99,0.93,7.09183E+11,90809,8.6,57.22972
Switzerland,2014,male,15-24,48,488444,9.83,0.93,7.09183E+11,90809,8.6,57.22972
Switzerland,2014,female,25-54,125,1788152,6.990457187,0.93,7.09183E+11,90809,4.8,57.22972
Switzerland,2014,male,25-54,313,1817106,17.22519215,0.93,7.09183E+11,90809,4.5,57.22972
Switzerland,2015,female,15-24,20,462559,4.32,,6.79289E+11,86068,8.4,57.70735
Switzerland,2015,male,15-24,62,482708,12.84,,6.79289E+11,86068,9.2,57.70735
Switzerland,2015,female,25-54,135,1805099,7.478814181,,6.79289E+11,86068,4.6,57.70735
Switzerland,2015,male,25-54,322,1835868,17.53938736,,6.79289E+11,86068,4.1,57.70735
United Kingdom,2000,female,15-24,101,3523496,2.87,0.865,1.64795E+12,29358,10.2,58.47404
United Kingdom,2000,male,15-24,390,3709456,10.51,0.865,1.64795E+12,29358,13.2,58.47404
United Kingdom,2000,female,25-54,553,12698385,4.354884499,0.865,1.64795E+12,29358,3.8,58.47404
United Kingdom,2000,male,25-54,2125,12995673,16.35159641,0.865,1.64795E+12,29358,4.7,58.47404
United Kingdom,2005,female,15-24,88,3856149,2.28,0.89,2.5207E+12,44372,10.6,58.9661
United Kingdom,2005,male,15-24,296,4029567,7.35,0.89,2.5207E+12,44372,13.6,58.9661
United Kingdom,2005,female,25-54,567,12538817,4.521957693,0.89,2.5207E+12,44372,3.3,58.9661
United Kingdom,2005,male,25-54,1922,12349151,15.56382297,0.89,2.5207E+12,44372,3.6,58.9661
United Kingdom,2010,female,15-24,106,3995780,2.65,0.906,2.44117E+12,41798,17.1,58.92335
United Kingdom,2010,male,15-24,344,4225926,8.14,0.906,2.44117E+12,41798,21.6,58.92335
United Kingdom,2010,female,25-54,533,12801009,4.163734281,0.906,2.44117E+12,41798,5.4,58.92335
United Kingdom,2010,male,25-54,1957,12721150,15.38382929,0.906,2.44117E+12,41798,6.7,58.92335
United Kingdom,2011,female,15-24,100,4001855,2.5,0.901,2.6197E+12,44491,17.9,59.14593
United Kingdom,2011,male,15-24,346,4236989,8.17,0.901,2.6197E+12,44491,22.3,59.14593
United Kingdom,2011,female,25-54,551,12885588,4.276095123,0.901,2.6197E+12,44491,5.8,59.14593
United Kingdom,2011,male,25-54,2164,12840516,16.85290529,0.901,2.6197E+12,44491,6.4,59.14593
United Kingdom,2012,female,15-24,70,4054017,1.73,0.901,2.66209E+12,44585,18,59.40212
United Kingdom,2012,male,15-24,364,4204765,8.66,0.901,2.66209E+12,44585,23.8,59.40212
United Kingdom,2012,female,25-54,556,13148650,4.228570994,0.901,2.66209E+12,44585,6,59.40212
United Kingdom,2012,male,25-54,2184,12934260,16.88538811,0.901,2.66209E+12,44585,6,59.40212
United Kingdom,2013,female,15-24,81,4017291,2.02,0.902,2.73982E+12,45594,17.6,57.03876
United Kingdom,2013,male,15-24,331,4180873,7.92,0.902,2.73982E+12,45594,22.6,57.03876
United Kingdom,2013,female,25-54,573,13194008,4.342880495,0.902,2.73982E+12,45594,5.5,57.03876
United Kingdom,2013,male,25-54,2329,12976870,17.94731703,0.902,2.73982E+12,45594,5.8,57.03876
United Kingdom,2014,female,15-24,103,3992566,2.58,0.907,3.02283E+12,49906,15.2,56.5645
United Kingdom,2014,male,15-24,332,4171187,7.96,0.907,3.02283E+12,49906,19,56.5645
United Kingdom,2014,female,25-54,617,13238485,4.660654146,0.907,3.02283E+12,49906,4.7,56.5645
United Kingdom,2014,male,25-54,2294,13025652,17.61140248,0.907,3.02283E+12,49906,4.7,56.5645
United Kingdom,2015,female,15-24,104,3966564,2.62,,2.88557E+12,47240,12.7,56.45849
United Kingdom,2015,male,15-24,374,4151992,9.01,,2.88557E+12,47240,15.9,56.45849
United Kingdom,2015,female,25-54,654,13296408,4.918621631,,2.88557E+12,47240,4.2,56.45849
United Kingdom,2015,male,25-54,2175,13100733,16.60212448,,2.88557E+12,47240,3.8,56.45849
United States,2000,female,15-24,570,19105073,2.98,0.883,1.02848E+13,39218,8.9,67.80243
United States,2000,male,15-24,3424,20078818,17.05,0.883,1.02848E+13,39218,9.7,67.80243
United States,2000,female,25-54,3590,61652646,5.822945539,0.883,1.02848E+13,39218,3.3,67.80243
United States,2000,male,25-54,13201,61065557,21.6177509,0.883,1.02848E+13,39218,2.9,67.80243
United States,2005,female,15-24,714,20429690,3.49,0.897,1.30937E+13,47423,10.1,80.63483
United States,2005,male,15-24,3498,21647159,16.16,0.897,1.30937E+13,47423,12.4,80.63483
United States,2005,female,25-54,4133,63230987,6.536352184,0.897,1.30937E+13,47423,4.4,80.63483
United States,2005,male,25-54,14398,63256654,22.76124185,0.897,1.30937E+13,47423,3.9,80.63483
United States,2010,female,15-24,830,21395712,3.88,0.909,1.49644E+13,51989,15.8,92.62195
United States,2010,male,15-24,3772,22463069,16.79,0.909,1.49644E+13,51989,20.8,92.62195
United States,2010,female,25-54,4696,62892095,7.46675715,0.909,1.49644E+13,51989,7.8,92.62195
United States,2010,male,25-54,16412,63208367,25.96491695,0.909,1.49644E+13,51989,9.3,92.62195
United States,2011,female,15-24,863,21552069,4,0.911,1.55179E+13,53452,15.7,93.90658
United States,2011,male,15-24,3959,22622559,17.5,0.911,1.55179E+13,53452,18.7,93.90658
United States,2011,female,25-54,5014,62893193,7.972245899,0.911,1.55179E+13,53452,7.6,93.90658
United States,2011,male,25-54,16543,63264580,26.14891303,0.911,1.55179E+13,53452,8.2,93.90658
United States,2012,female,15-24,954,21653970,4.41,0.912,1.61553E+13,55170,14.7,93.17549
United States,2012,male,15-24,3918,22713083,17.25,0.912,1.61553E+13,55170,17.6,93.17549
United States,2012,female,25-54,5088,62906419,8.088204798,0.912,1.61553E+13,55170,7.1,93.17549
United States,2012,male,25-54,16748,63354384,26.43542395,0.912,1.61553E+13,55170,6.9,93.17549
United States,2013,female,15-24,975,21698877,4.49,0.913,1.66915E+13,56520,13.9,88.72642
United States,2013,male,15-24,3903,22735631,17.17,0.913,1.66915E+13,56520,17.1,88.72642
United States,2013,female,25-54,5061,62935803,8.04152765,0.913,1.66915E+13,56520,6.3,88.72642
United States,2013,male,25-54,16459,63472579,25.93088269,0.913,1.66915E+13,56520,6.4,88.72642
United States,2014,female,15-24,990,21691057,4.56,0.915,1.74276E+13,58531,12.2,88.62687
United States,2014,male,15-24,4089,22700273,18.01,0.915,1.74276E+13,58531,14.5,88.62687
United States,2014,female,25-54,5365,62992935,8.516828117,0.915,1.74276E+13,58531,5.3,88.62687
United States,2014,male,25-54,16677,63618809,26.21394563,0.915,1.74276E+13,58531,5.2,88.62687
United States,2015,female,15-24,1132,21633813,5.23,,1.81207E+13,60387,10.4,88.88941
United States,2015,male,15-24,4359,22615073,19.27,,1.81207E+13,60387,12.8,88.88941
United States,2015,female,25-54,5497,63087521,8.713292126,,1.81207E+13,60387,4.6,88.88941
United States,2015,male,25-54,17137,63795107,26.86256173,,1.81207E+13,60387,4.4,88.88941
